{
    "exportFormatVersion": 2,
    "exportTime": "2022-12-15 14:36:39",
    "containerVersion": {
        "containerVersionId": "1",
        "name": "pshowconversion-gtm-ga4-conf",
        "container": {
            "usageContext": [
                "WEB"
            ]
        },
        "tag": [
            {
                "accountId": "1050737508",
                "containerId": "116524890",
                "tagId": "1003",
                "name": "Conversions",
                "type": "gclidw",
                "parameter": [
                    {
                        "type": "BOOLEAN",
                        "key": "enableCrossDomain",
                        "value": "false"
                    },
                    {
                        "type": "BOOLEAN",
                        "key": "enableUrlPassthrough",
                        "value": "false"
                    },
                    {
                        "type": "BOOLEAN",
                        "key": "enableCookieOverrides",
                        "value": "false"
                    }
                ],
                "fingerprint": "0",
                "firingTriggerId": [
                    "2147479553"
                ],
                "parentFolderId": "1001",
                "tagFiringOption": "ONCE_PER_EVENT",
                "monitoringMetadata": {
                    "type": "MAP"
                },
                "consentSettings": {
                    "consentStatus": "NOT_SET"
                }
            },
            {
                "accountId": "0",
                "containerId": "0",
                "tagId": "1001",
                "name": "PSHOWC-GA4-config",
                "type": "gaawc",
                "parameter": [
                    {
                        "type": "BOOLEAN",
                        "key": "sendPageView",
                        "value": "false"
                    },
                    {
                        "type": "BOOLEAN",
                        "key": "enableSendToServerContainer",
                        "value": "false"
                    },
                    {
                        "type": "TEMPLATE",
                        "key": "measurementId",
                        "value": "{{GA4-tracking_id}}"
                    }
                ],
                "fingerprint": "0",
                "firingTriggerId": [
                    "1001",
                    "1002",
                    "1003",
                    "1004",
                    "1005",
                    "1006",
                    "1007",
                    "1008",
                    "1009",
                    "1010"
                ],
                "parentFolderId": "1001",
                "tagFiringOption": "ONCE_PER_EVENT",
                "monitoringMetadata": {
                    "type": "MAP"
                },
                "consentSettings": {
                    "consentStatus": "NOT_SET"
                }
            },
            {
                "accountId": "0",
                "containerId": "0",
                "tagId": "1002",
                "name": "PSHOWC-GA4-event",
                "type": "gaawe",
                "parameter": [
                    {
                        "type": "BOOLEAN",
                        "key": "sendEcommerceData",
                        "value": "true"
                    },
                    {
                        "type": "TEMPLATE",
                        "key": "getEcommerceDataFrom",
                        "value": "dataLayer"
                    },
                    {
                        "type": "TEMPLATE",
                        "key": "eventName",
                        "value": "{{Event}}"
                    },
                    {
                        "type": "TAG_REFERENCE",
                        "key": "measurementId",
                        "value": "PSHOWC-GA4-config"
                    }
                ],
                "fingerprint": "0",
                "firingTriggerId": [
                    "1001",
                    "1002",
                    "1003",
                    "1004",
                    "1005",
                    "1006",
                    "1007",
                    "1008",
                    "1009",
                    "1010"
                ],
                "parentFolderId": "1001",
                "tagFiringOption": "ONCE_PER_EVENT",
                "monitoringMetadata": {
                    "type": "MAP"
                },
                "consentSettings": {
                    "consentStatus": "NOT_SET"
                }
            }
        ],
        "trigger": [
            {
                "accountId": "0",
                "containerId": "0",
                "triggerId": "1001",
                "name": "PSHOWC-GA4-trigger-add_payment_info",
                "type": "CUSTOM_EVENT",
                "customEventFilter": [
                    {
                        "type": "EQUALS",
                        "parameter": [
                            {
                                "type": "TEMPLATE",
                                "key": "arg0",
                                "value": "{{_event}}"
                            },
                            {
                                "type": "TEMPLATE",
                                "key": "arg1",
                                "value": "add_payment_info"
                            }
                        ]
                    }
                ],
                "fingerprint": "0",
                "parentFolderId": "1001"
            },
            {
                "accountId": "0",
                "containerId": "0",
                "triggerId": "1002",
                "name": "PSHOWC-GA4-trigger-add_shipping_info",
                "type": "CUSTOM_EVENT",
                "customEventFilter": [
                    {
                        "type": "EQUALS",
                        "parameter": [
                            {
                                "type": "TEMPLATE",
                                "key": "arg0",
                                "value": "{{_event}}"
                            },
                            {
                                "type": "TEMPLATE",
                                "key": "arg1",
                                "value": "add_shipping_info"
                            }
                        ]
                    }
                ],
                "fingerprint": "0",
                "parentFolderId": "1001"
            },
            {
                "accountId": "0",
                "containerId": "0",
                "triggerId": "1003",
                "name": "PSHOWC-GA4-trigger-begin_checkout",
                "type": "CUSTOM_EVENT",
                "customEventFilter": [
                    {
                        "type": "EQUALS",
                        "parameter": [
                            {
                                "type": "TEMPLATE",
                                "key": "arg0",
                                "value": "{{_event}}"
                            },
                            {
                                "type": "TEMPLATE",
                                "key": "arg1",
                                "value": "begin_checkout"
                            }
                        ]
                    }
                ],
                "fingerprint": "0",
                "parentFolderId": "1001"
            },
            {
                "accountId": "0",
                "containerId": "0",
                "triggerId": "1004",
                "name": "PSHOWC-GA4-trigger-purchase",
                "type": "CUSTOM_EVENT",
                "customEventFilter": [
                    {
                        "type": "EQUALS",
                        "parameter": [
                            {
                                "type": "TEMPLATE",
                                "key": "arg0",
                                "value": "{{_event}}"
                            },
                            {
                                "type": "TEMPLATE",
                                "key": "arg1",
                                "value": "purchase"
                            }
                        ]
                    }
                ],
                "fingerprint": "0",
                "parentFolderId": "1001"
            },
            {
                "accountId": "0",
                "containerId": "0",
                "triggerId": "1005",
                "name": "PSHOWC-GA4-trigger-add_to_cart",
                "type": "CUSTOM_EVENT",
                "customEventFilter": [
                    {
                        "type": "EQUALS",
                        "parameter": [
                            {
                                "type": "TEMPLATE",
                                "key": "arg0",
                                "value": "{{_event}}"
                            },
                            {
                                "type": "TEMPLATE",
                                "key": "arg1",
                                "value": "add_to_cart"
                            }
                        ]
                    }
                ],
                "fingerprint": "0",
                "parentFolderId": "1001"
            },
            {
                "accountId": "0",
                "containerId": "0",
                "triggerId": "1006",
                "name": "PSHOWC-GA4-trigger-remove_from_cart",
                "type": "CUSTOM_EVENT",
                "customEventFilter": [
                    {
                        "type": "EQUALS",
                        "parameter": [
                            {
                                "type": "TEMPLATE",
                                "key": "arg0",
                                "value": "{{_event}}"
                            },
                            {
                                "type": "TEMPLATE",
                                "key": "arg1",
                                "value": "remove_from_cart"
                            }
                        ]
                    }
                ],
                "fingerprint": "0",
                "parentFolderId": "1001"
            },
            {
                "accountId": "0",
                "containerId": "0",
                "triggerId": "1007",
                "name": "PSHOWC-GA4-trigger-select_item",
                "type": "CUSTOM_EVENT",
                "customEventFilter": [
                    {
                        "type": "EQUALS",
                        "parameter": [
                            {
                                "type": "TEMPLATE",
                                "key": "arg0",
                                "value": "{{_event}}"
                            },
                            {
                                "type": "TEMPLATE",
                                "key": "arg1",
                                "value": "select_item"
                            }
                        ]
                    }
                ],
                "fingerprint": "0",
                "parentFolderId": "1001"
            },
            {
                "accountId": "0",
                "containerId": "0",
                "triggerId": "1008",
                "name": "PSHOWC-GA4-trigger-view_cart",
                "type": "CUSTOM_EVENT",
                "customEventFilter": [
                    {
                        "type": "EQUALS",
                        "parameter": [
                            {
                                "type": "TEMPLATE",
                                "key": "arg0",
                                "value": "{{_event}}"
                            },
                            {
                                "type": "TEMPLATE",
                                "key": "arg1",
                                "value": "view_cart"
                            }
                        ]
                    }
                ],
                "fingerprint": "0",
                "parentFolderId": "1001"
            },
            {
                "accountId": "0",
                "containerId": "0",
                "triggerId": "1009",
                "name": "PSHOWC-GA4-trigger-view_item",
                "type": "CUSTOM_EVENT",
                "customEventFilter": [
                    {
                        "type": "EQUALS",
                        "parameter": [
                            {
                                "type": "TEMPLATE",
                                "key": "arg0",
                                "value": "{{_event}}"
                            },
                            {
                                "type": "TEMPLATE",
                                "key": "arg1",
                                "value": "view_item"
                            }
                        ]
                    }
                ],
                "fingerprint": "0",
                "parentFolderId": "1001"
            },
            {
                "accountId": "0",
                "containerId": "0",
                "triggerId": "1010",
                "name": "PSHOWC-GA4-trigger-view_item_list",
                "type": "CUSTOM_EVENT",
                "customEventFilter": [
                    {
                        "type": "EQUALS",
                        "parameter": [
                            {
                                "type": "TEMPLATE",
                                "key": "arg0",
                                "value": "{{_event}}"
                            },
                            {
                                "type": "TEMPLATE",
                                "key": "arg1",
                                "value": "view_item_list"
                            }
                        ]
                    }
                ],
                "fingerprint": "0",
                "parentFolderId": "1001"
            }
        ],
        "variable": [
            {
                "accountId": "0",
                "containerId": "0",
                "variableId": "1001",
                "name": "GA4-tracking_id",
                "type": "c",
                "parameter": [
                    {
                        "type": "TEMPLATE",
                        "key": "value",
                        "value": "{{{GOOGLE-ANALYTICS-ID}}}"
                    }
                ],
                "fingerprint": "0",
                "formatValue": {
                    "caseConversionType": "UPPERCASE"
                }
            }
        ],
        "folder": [
            {
                "accountId": "0",
                "containerId": "0",
                "folderId": "1001",
                "name": "PSHOWCONVERSION-GA4",
                "fingerprint": "0"
            }
        ],
        "builtInVariable": [
            {
                "accountId": "0",
                "containerId": "0",
                "type": "EVENT",
                "name": "Event"
            }
        ],
        "fingerprint": "0",
        "tagManagerUrl": "https://tagmanager.google.com/"
    }
}
