{
    "exportFormatVersion": 2,
    "exportTime": "2019-08-30 17:51:09",
    "containerVersion": {
        "containerVersionId": "1",
        "name": "pshowconversion-gtm-conf",
        "container": {
            "usageContext": [
                "WEB"
            ]
        },
        "tag": [
            {
                "accountId": "4702655649",
                "containerId": "12810573",
                "tagId": "1",
                "name": "GA-addToCart",
                "type": "ua",
                "parameter": [
                    {
                        "type": "BOOLEAN",
                        "key": "nonInteraction",
                        "value": "false"
                    },
                    {
                        "type": "BOOLEAN",
                        "key": "overrideGaSettings",
                        "value": "false"
                    },
                    {
                        "type": "TEMPLATE",
                        "key": "eventCategory",
                        "value": "Ecommerce"
                    },
                    {
                        "type": "TEMPLATE",
                        "key": "trackType",
                        "value": "TRACK_EVENT"
                    },
                    {
                        "type": "TEMPLATE",
                        "key": "gaSettings",
                        "value": "{{GoogleAnalytics}}"
                    },
                    {
                        "type": "TEMPLATE",
                        "key": "eventAction",
                        "value": "addToCart"
                    }
                ],
                "fingerprint": "1567187228903",
                "firingTriggerId": [
                    "5"
                ],
                "tagFiringOption": "ONCE_PER_EVENT",
                "monitoringMetadata": {
                    "type": "MAP"
                }
            },
            {
                "accountId": "4702655649",
                "containerId": "12810573",
                "tagId": "2",
                "name": "GA-checkout",
                "type": "ua",
                "parameter": [
                    {
                        "type": "BOOLEAN",
                        "key": "nonInteraction",
                        "value": "true"
                    },
                    {
                        "type": "BOOLEAN",
                        "key": "overrideGaSettings",
                        "value": "false"
                    },
                    {
                        "type": "TEMPLATE",
                        "key": "eventCategory",
                        "value": "Ecommerce"
                    },
                    {
                        "type": "TEMPLATE",
                        "key": "trackType",
                        "value": "TRACK_EVENT"
                    },
                    {
                        "type": "TEMPLATE",
                        "key": "gaSettings",
                        "value": "{{GoogleAnalytics}}"
                    },
                    {
                        "type": "TEMPLATE",
                        "key": "eventAction",
                        "value": "checkout"
                    }
                ],
                "fingerprint": "1567187228903",
                "firingTriggerId": [
                    "6"
                ],
                "tagFiringOption": "ONCE_PER_EVENT",
                "monitoringMetadata": {
                    "type": "MAP"
                }
            },
            {
                "accountId": "4702655649",
                "containerId": "12810573",
                "tagId": "3",
                "name": "GA-checkoutOption",
                "type": "ua",
                "parameter": [
                    {
                        "type": "BOOLEAN",
                        "key": "nonInteraction",
                        "value": "true"
                    },
                    {
                        "type": "BOOLEAN",
                        "key": "overrideGaSettings",
                        "value": "false"
                    },
                    {
                        "type": "TEMPLATE",
                        "key": "eventCategory",
                        "value": "Ecommerce"
                    },
                    {
                        "type": "TEMPLATE",
                        "key": "trackType",
                        "value": "TRACK_EVENT"
                    },
                    {
                        "type": "TEMPLATE",
                        "key": "gaSettings",
                        "value": "{{GoogleAnalytics}}"
                    },
                    {
                        "type": "TEMPLATE",
                        "key": "eventAction",
                        "value": "checkoutOption"
                    }
                ],
                "fingerprint": "1567187228904",
                "firingTriggerId": [
                    "7"
                ],
                "tagFiringOption": "ONCE_PER_EVENT",
                "monitoringMetadata": {
                    "type": "MAP"
                }
            },
            {
                "accountId": "4702655649",
                "containerId": "12810573",
                "tagId": "4",
                "name": "GA-detail",
                "type": "ua",
                "parameter": [
                    {
                        "type": "BOOLEAN",
                        "key": "nonInteraction",
                        "value": "true"
                    },
                    {
                        "type": "BOOLEAN",
                        "key": "overrideGaSettings",
                        "value": "false"
                    },
                    {
                        "type": "TEMPLATE",
                        "key": "eventCategory",
                        "value": "Ecommerce"
                    },
                    {
                        "type": "TEMPLATE",
                        "key": "trackType",
                        "value": "TRACK_EVENT"
                    },
                    {
                        "type": "TEMPLATE",
                        "key": "gaSettings",
                        "value": "{{GoogleAnalytics}}"
                    },
                    {
                        "type": "TEMPLATE",
                        "key": "eventAction",
                        "value": "detail"
                    }
                ],
                "fingerprint": "1567187228905",
                "firingTriggerId": [
                    "8"
                ],
                "tagFiringOption": "ONCE_PER_EVENT",
                "monitoringMetadata": {
                    "type": "MAP"
                }
            },
            {
                "accountId": "4702655649",
                "containerId": "12810573",
                "tagId": "5",
                "name": "GA-impressions",
                "type": "ua",
                "parameter": [
                    {
                        "type": "BOOLEAN",
                        "key": "nonInteraction",
                        "value": "true"
                    },
                    {
                        "type": "BOOLEAN",
                        "key": "overrideGaSettings",
                        "value": "false"
                    },
                    {
                        "type": "TEMPLATE",
                        "key": "eventCategory",
                        "value": "Ecommerce"
                    },
                    {
                        "type": "TEMPLATE",
                        "key": "trackType",
                        "value": "TRACK_EVENT"
                    },
                    {
                        "type": "TEMPLATE",
                        "key": "gaSettings",
                        "value": "{{GoogleAnalytics}}"
                    },
                    {
                        "type": "TEMPLATE",
                        "key": "eventAction",
                        "value": "impressions"
                    }
                ],
                "fingerprint": "1567187228906",
                "firingTriggerId": [
                    "9"
                ],
                "tagFiringOption": "ONCE_PER_EVENT",
                "monitoringMetadata": {
                    "type": "MAP"
                }
            },
            {
                "accountId": "4702655649",
                "containerId": "12810573",
                "tagId": "6",
                "name": "GA-productClick",
                "type": "ua",
                "parameter": [
                    {
                        "type": "BOOLEAN",
                        "key": "nonInteraction",
                        "value": "false"
                    },
                    {
                        "type": "BOOLEAN",
                        "key": "overrideGaSettings",
                        "value": "false"
                    },
                    {
                        "type": "TEMPLATE",
                        "key": "eventCategory",
                        "value": "Ecommerce"
                    },
                    {
                        "type": "TEMPLATE",
                        "key": "trackType",
                        "value": "TRACK_EVENT"
                    },
                    {
                        "type": "TEMPLATE",
                        "key": "gaSettings",
                        "value": "{{GoogleAnalytics}}"
                    },
                    {
                        "type": "TEMPLATE",
                        "key": "eventAction",
                        "value": "productClick"
                    }
                ],
                "fingerprint": "1567187228907",
                "firingTriggerId": [
                    "10"
                ],
                "tagFiringOption": "ONCE_PER_EVENT",
                "monitoringMetadata": {
                    "type": "MAP"
                }
            },
            {
                "accountId": "4702655649",
                "containerId": "12810573",
                "tagId": "8",
                "name": "GA-refund",
                "type": "ua",
                "parameter": [
                    {
                        "type": "BOOLEAN",
                        "key": "nonInteraction",
                        "value": "true"
                    },
                    {
                        "type": "BOOLEAN",
                        "key": "overrideGaSettings",
                        "value": "false"
                    },
                    {
                        "type": "TEMPLATE",
                        "key": "eventCategory",
                        "value": "Ecommerce"
                    },
                    {
                        "type": "TEMPLATE",
                        "key": "trackType",
                        "value": "TRACK_EVENT"
                    },
                    {
                        "type": "TEMPLATE",
                        "key": "gaSettings",
                        "value": "{{GoogleAnalytics}}"
                    },
                    {
                        "type": "TEMPLATE",
                        "key": "eventAction",
                        "value": "refund"
                    }
                ],
                "fingerprint": "1567187228909",
                "firingTriggerId": [
                    "12"
                ],
                "tagFiringOption": "ONCE_PER_EVENT",
                "monitoringMetadata": {
                    "type": "MAP"
                }
            },
            {
                "accountId": "4702655649",
                "containerId": "12810573",
                "tagId": "9",
                "name": "GA-removeFromCart",
                "type": "ua",
                "parameter": [
                    {
                        "type": "BOOLEAN",
                        "key": "nonInteraction",
                        "value": "false"
                    },
                    {
                        "type": "BOOLEAN",
                        "key": "overrideGaSettings",
                        "value": "false"
                    },
                    {
                        "type": "TEMPLATE",
                        "key": "eventCategory",
                        "value": "Ecommerce"
                    },
                    {
                        "type": "TEMPLATE",
                        "key": "trackType",
                        "value": "TRACK_EVENT"
                    },
                    {
                        "type": "TEMPLATE",
                        "key": "gaSettings",
                        "value": "{{GoogleAnalytics}}"
                    },
                    {
                        "type": "TEMPLATE",
                        "key": "eventAction",
                        "value": "removeFromCart"
                    }
                ],
                "fingerprint": "1567187228909",
                "firingTriggerId": [
                    "13"
                ],
                "tagFiringOption": "ONCE_PER_EVENT",
                "monitoringMetadata": {
                    "type": "MAP"
                }
            }
        ],
        "trigger": [
            {
                "accountId": "4702655649",
                "containerId": "12810573",
                "triggerId": "5",
                "name": "GA-addToCart",
                "type": "CUSTOM_EVENT",
                "customEventFilter": [
                    {
                        "type": "EQUALS",
                        "parameter": [
                            {
                                "type": "TEMPLATE",
                                "key": "arg0",
                                "value": "{{_event}}"
                            },
                            {
                                "type": "TEMPLATE",
                                "key": "arg1",
                                "value": "addToCart"
                            }
                        ]
                    }
                ],
                "fingerprint": "1567187228901"
            },
            {
                "accountId": "4702655649",
                "containerId": "12810573",
                "triggerId": "6",
                "name": "GA-checkout",
                "type": "CUSTOM_EVENT",
                "customEventFilter": [
                    {
                        "type": "EQUALS",
                        "parameter": [
                            {
                                "type": "TEMPLATE",
                                "key": "arg0",
                                "value": "{{_event}}"
                            },
                            {
                                "type": "TEMPLATE",
                                "key": "arg1",
                                "value": "checkout"
                            }
                        ]
                    }
                ],
                "fingerprint": "1567187228901"
            },
            {
                "accountId": "4702655649",
                "containerId": "12810573",
                "triggerId": "7",
                "name": "GA-checkoutOption",
                "type": "CUSTOM_EVENT",
                "customEventFilter": [
                    {
                        "type": "EQUALS",
                        "parameter": [
                            {
                                "type": "TEMPLATE",
                                "key": "arg0",
                                "value": "{{_event}}"
                            },
                            {
                                "type": "TEMPLATE",
                                "key": "arg1",
                                "value": "checkoutOption"
                            }
                        ]
                    }
                ],
                "fingerprint": "1567187228901"
            },
            {
                "accountId": "4702655649",
                "containerId": "12810573",
                "triggerId": "8",
                "name": "GA-detail",
                "type": "CUSTOM_EVENT",
                "customEventFilter": [
                    {
                        "type": "EQUALS",
                        "parameter": [
                            {
                                "type": "TEMPLATE",
                                "key": "arg0",
                                "value": "{{_event}}"
                            },
                            {
                                "type": "TEMPLATE",
                                "key": "arg1",
                                "value": "detail"
                            }
                        ]
                    }
                ],
                "fingerprint": "1567187228901"
            },
            {
                "accountId": "4702655649",
                "containerId": "12810573",
                "triggerId": "9",
                "name": "GA-impressions",
                "type": "CUSTOM_EVENT",
                "customEventFilter": [
                    {
                        "type": "EQUALS",
                        "parameter": [
                            {
                                "type": "TEMPLATE",
                                "key": "arg0",
                                "value": "{{_event}}"
                            },
                            {
                                "type": "TEMPLATE",
                                "key": "arg1",
                                "value": "impressions"
                            }
                        ]
                    }
                ],
                "fingerprint": "1567187228901"
            },
            {
                "accountId": "4702655649",
                "containerId": "12810573",
                "triggerId": "10",
                "name": "GA-productClick",
                "type": "CUSTOM_EVENT",
                "customEventFilter": [
                    {
                        "type": "EQUALS",
                        "parameter": [
                            {
                                "type": "TEMPLATE",
                                "key": "arg0",
                                "value": "{{_event}}"
                            },
                            {
                                "type": "TEMPLATE",
                                "key": "arg1",
                                "value": "productClick"
                            }
                        ]
                    }
                ],
                "fingerprint": "1567187228902"
            },
            {
                "accountId": "4702655649",
                "containerId": "12810573",
                "triggerId": "12",
                "name": "GA-refund",
                "type": "CUSTOM_EVENT",
                "customEventFilter": [
                    {
                        "type": "EQUALS",
                        "parameter": [
                            {
                                "type": "TEMPLATE",
                                "key": "arg0",
                                "value": "{{_event}}"
                            },
                            {
                                "type": "TEMPLATE",
                                "key": "arg1",
                                "value": "refund"
                            }
                        ]
                    }
                ],
                "fingerprint": "1567187228902"
            },
            {
                "accountId": "4702655649",
                "containerId": "12810573",
                "triggerId": "13",
                "name": "GA-removeFromCart",
                "type": "CUSTOM_EVENT",
                "customEventFilter": [
                    {
                        "type": "EQUALS",
                        "parameter": [
                            {
                                "type": "TEMPLATE",
                                "key": "arg0",
                                "value": "{{_event}}"
                            },
                            {
                                "type": "TEMPLATE",
                                "key": "arg1",
                                "value": "removeFromCart"
                            }
                        ]
                    }
                ],
                "fingerprint": "1567187228902"
            }
        ],
        "variable": [
            {
                "accountId": "4702655649",
                "containerId": "12810573",
                "variableId": "1",
                "name": "GoogleAnalytics",
                "type": "gas",
                "parameter": [
                    {
                        "type": "TEMPLATE",
                        "key": "cookieDomain",
                        "value": "auto"
                    },
                    {
                        "type": "BOOLEAN",
                        "key": "useEcommerceDataLayer",
                        "value": "true"
                    },
                    {
                        "type": "BOOLEAN",
                        "key": "doubleClick",
                        "value": "false"
                    },
                    {
                        "type": "BOOLEAN",
                        "key": "setTrackerName",
                        "value": "false"
                    },
                    {
                        "type": "BOOLEAN",
                        "key": "useDebugVersion",
                        "value": "false"
                    },
                    {
                        "type": "BOOLEAN",
                        "key": "useHashAutoLink",
                        "value": "false"
                    },
                    {
                        "type": "BOOLEAN",
                        "key": "decorateFormsAutoLink",
                        "value": "false"
                    },
                    {
                        "type": "BOOLEAN",
                        "key": "enableLinkId",
                        "value": "false"
                    },
                    {
                        "type": "BOOLEAN",
                        "key": "enableEcommerce",
                        "value": "true"
                    },
                    {
                        "type": "TEMPLATE",
                        "key": "trackingId",
                        "value": "{{{GOOGLE-ANALYTICS-ID}}}"
                    }
                ]
            }
        ],
        "builtInVariable": [
            {
                "accountId": "4702655649",
                "containerId": "12810573",
                "type": "PAGE_URL",
                "name": "Page URL"
            },
            {
                "accountId": "4702655649",
                "containerId": "12810573",
                "type": "PAGE_HOSTNAME",
                "name": "Page Hostname"
            },
            {
                "accountId": "4702655649",
                "containerId": "12810573",
                "type": "PAGE_PATH",
                "name": "Page Path"
            },
            {
                "accountId": "4702655649",
                "containerId": "12810573",
                "type": "REFERRER",
                "name": "Referrer"
            },
            {
                "accountId": "4702655649",
                "containerId": "12810573",
                "type": "EVENT",
                "name": "Event"
            }
        ],
        "fingerprint": "0",
        "tagManagerUrl": "https://tagmanager.google.com/"
    }
}
